kraj,wariant,nazwa,cena_poprzedni_raport_pln,ocena_booking,opinie_booking,status_prania,pralka_potwierdzona,pralka_tylko_opinia,usluga_prania,kuchnia_aneks,prywatna_lazienka,beachfront,plaza_booking,ocena_wyboru_1_10,link
Albania,A — super: plaża / ocena / okolica,The White Donkey Apartment House,3530,9.5,44,Pralka potwierdzona,True,False,False,True,True,True,The nearest beach is 150 ft from The White Donkey Apartment House.,10,https://www.booking.com/hotel/al/the-white-donkey.html?aid=2438770&checkin=2026-09-16&checkout=2026-09-30&no_rooms=1&group_adults=2&selected_currency=PLN
Albania,A — super: plaża / ocena / okolica,Aquamarine Apartments,3323,9.2,409,Brak pralki/pralni w pobranej karcie,False,False,False,True,True,True,The nearest beach is 150 ft from Aquamarine Apartments.,10,https://www.booking.com/hotel/al/aquamarine-apartments.html?aid=2438770&checkin=2026-09-16&checkout=2026-09-30&no_rooms=1&group_adults=2&selected_currency=PLN
Albania,A — super: plaża / ocena / okolica,LOOKOUT Apartments,4556,9.6,290,Pralka potwierdzona,True,False,False,True,True,True,The nearest beach is 350 ft from LOOKOUT Apartments.,10,https://www.booking.com/hotel/al/lookout-apartments.html?aid=2438770&checkin=2026-09-16&checkout=2026-09-30&no_rooms=1&group_adults=2&selected_currency=PLN
Albania,A — super: plaża / ocena / okolica,Esmeralda Apartaments,2670,9.1,99,Pralka potwierdzona,True,False,False,True,True,True,The nearest beach is 650 ft from Esmeralda Apartaments.,10,https://www.booking.com/hotel/al/esmeralda-apartments.html?aid=2438770&checkin=2026-09-16&checkout=2026-09-30&no_rooms=1&group_adults=2&selected_currency=PLN
Albania,A — super: plaża / ocena / okolica,Andra Apartment,2670,8.6,7,Pralka potwierdzona,True,False,False,True,False,True,The nearest beach is 150 ft from Andra Apartment.,7.7,https://www.booking.com/hotel/al/ambra-apartment.html?aid=2438770&checkin=2026-09-16&checkout=2026-09-30&no_rooms=1&group_adults=2&selected_currency=PLN
Albania,A — super: plaża / ocena / okolica,Hotel Almar,3512,9.9,25,Brak pralki/pralni w pobranej karcie,False,False,False,True,True,True,"The nearest beach is 2,600 ft from Hotel Almar.",10,https://www.booking.com/hotel/al/villa-all-season.html?aid=2438770&checkin=2026-09-16&checkout=2026-09-30&no_rooms=1&group_adults=2&selected_currency=PLN
Albania,A — super: plaża / ocena / okolica,Vila Era Beach,6764,9.2,893,Brak pralki/pralni w pobranej karcie,False,False,False,False,True,True,The nearest beach is 150 ft from Vila Era Beach.,9.5,https://www.booking.com/hotel/al/vila-era-beach.html?aid=2438770&checkin=2026-09-16&checkout=2026-09-30&no_rooms=1&group_adults=2&selected_currency=PLN
Albania,A — super: plaża / ocena / okolica,Hotel Aloha,5976,8.6,948,Brak pralki/pralni w pobranej karcie,False,False,False,False,True,True,The nearest beach is 150 ft from Hotel Aloha.,9.1,https://www.booking.com/hotel/al/aloha-sarande.html?aid=2438770&checkin=2026-09-16&checkout=2026-09-30&no_rooms=1&group_adults=2&selected_currency=PLN
Albania,A — super: plaża / ocena / okolica,SOLARA Apartments,1729,9.8,6,Brak pralki/pralni w pobranej karcie,False,False,False,True,True,True,The nearest beach is 350 ft from SOLARA Apartments.,7.3,https://www.booking.com/hotel/al/solara-apartments.html?aid=2438770&checkin=2026-09-16&checkout=2026-09-30&no_rooms=1&group_adults=2&selected_currency=PLN
Albania,A — super: plaża / ocena / okolica,The View Above,1900,10.0,3,Pralka potwierdzona,True,False,False,True,False,True,"The nearest beach is 2,300 ft from The View Above.",7.8,https://www.booking.com/hotel/al/the-view-above.html?aid=2438770&checkin=2026-09-16&checkout=2026-09-30&no_rooms=1&group_adults=2&selected_currency=PLN
Albania,B — rozsądnie: lokalizacja / opinia / pralka preferowana,Helia Hotel Suites & Penthouses at Santa Bay,4547,9.8,29,Brak pralki/pralni w pobranej karcie,False,False,False,False,True,False,The nearest beach is 350 ft from Helia Hotel Suites & Penthouses at Santa Bay.,9.8,https://www.booking.com/hotel/al/royal-sky-luxury-penthouse.html?aid=2438770&checkin=2026-09-16&checkout=2026-09-30&no_rooms=1&group_adults=2&selected_currency=PLN
Albania,B — rozsądnie: lokalizacja / opinia / pralka preferowana,SoleLuna Aparthotel,2563,8.2,226,Brak pralki/pralni w pobranej karcie,False,False,False,True,True,True,The nearest beach is 350 ft from SoleLuna Aparthotel.,8.5,https://www.booking.com/hotel/al/albnordic.html?aid=2438770&checkin=2026-09-16&checkout=2026-09-30&no_rooms=1&group_adults=2&selected_currency=PLN
Albania,B — rozsądnie: lokalizacja / opinia / pralka preferowana,Helia Boutique Hotel - Seaside,4560,9.0,57,Brak pralki/pralni w pobranej karcie,False,False,False,False,True,False,The nearest beach is 150 ft from Helia Boutique Hotel - Seaside.,9.0,https://www.booking.com/hotel/al/helia-penthhouse-suites-and-more.html?aid=2438770&checkin=2026-09-16&checkout=2026-09-30&no_rooms=1&group_adults=2&selected_currency=PLN
Albania,B — rozsądnie: lokalizacja / opinia / pralka preferowana,Franklin Premium Apart-Hotel,4662,9.1,203,Pralka potwierdzona,True,False,False,True,True,False,The nearest beach is 350 ft from Franklin Premium Apart-Hotel.,9.8,https://www.booking.com/hotel/al/franklin-rooms.html?aid=2438770&checkin=2026-09-16&checkout=2026-09-30&no_rooms=1&group_adults=2&selected_currency=PLN
Albania,B — rozsądnie: lokalizacja / opinia / pralka preferowana,Day Lux Superior Apartments,4399,9.2,48,Pralka potwierdzona,True,False,False,True,True,False,The nearest beach is 650 ft from Day Lux Superior Apartments.,9.9,https://www.booking.com/hotel/al/oceanview-luxury-penthouses.html?aid=2438770&checkin=2026-09-16&checkout=2026-09-30&no_rooms=1&group_adults=2&selected_currency=PLN
Albania,B — rozsądnie: lokalizacja / opinia / pralka preferowana,Erioni Hotel,2373,8.6,408,Tylko usługa prania/pralnia,False,False,True,False,True,False,The nearest beach is 150 ft from Erioni Hotel.,9.2,https://www.booking.com/hotel/al/piter-beach-apartments.html?aid=2438770&checkin=2026-09-16&checkout=2026-09-30&no_rooms=1&group_adults=2&selected_currency=PLN
Albania,B — rozsądnie: lokalizacja / opinia / pralka preferowana,The White Donkey Apartment House,3530,9.5,44,Pralka potwierdzona,True,False,False,True,True,True,The nearest beach is 150 ft from The White Donkey Apartment House.,10,https://www.booking.com/hotel/al/the-white-donkey.html?aid=2438770&checkin=2026-09-16&checkout=2026-09-30&no_rooms=1&group_adults=2&selected_currency=PLN
Albania,B — rozsądnie: lokalizacja / opinia / pralka preferowana,Aquamarine Apartments,3323,9.2,409,Brak pralki/pralni w pobranej karcie,False,False,False,True,True,True,The nearest beach is 150 ft from Aquamarine Apartments.,10,https://www.booking.com/hotel/al/aquamarine-apartments.html?aid=2438770&checkin=2026-09-16&checkout=2026-09-30&no_rooms=1&group_adults=2&selected_currency=PLN
Albania,B — rozsądnie: lokalizacja / opinia / pralka preferowana,Amaris,1893,9.6,121,Pralka potwierdzona,True,False,False,True,True,False,"The nearest beach is 1,000 ft from Amaris.",10,https://www.booking.com/hotel/al/amaris.html?aid=2438770&checkin=2026-09-16&checkout=2026-09-30&no_rooms=1&group_adults=2&selected_currency=PLN
Albania,B — rozsądnie: lokalizacja / opinia / pralka preferowana,Apartments Sadiku with swimming pool & jacuzzi,2373,8.8,302,Pralka potwierdzona,True,False,False,True,True,False,"The nearest beach is 2,600 ft from Apartments Sadiku with swimming pool & jacuzzi.",10,https://www.booking.com/hotel/al/vila-sadiku.html?aid=2438770&checkin=2026-09-16&checkout=2026-09-30&no_rooms=1&group_adults=2&selected_currency=PLN
Albania,C — po kosztach: prywatna łazienka i rozsądne warunki,Ideal ApartHotel Saranda,1442,7.9,604,Brak pralki/pralni w pobranej karcie,False,False,False,True,True,False,"The nearest beach is 1,300 ft from Ideal ApartHotel Saranda.",8.5,https://www.booking.com/hotel/al/ideal-saranda.html?aid=2438770&checkin=2026-09-16&checkout=2026-09-30&no_rooms=1&group_adults=2&selected_currency=PLN
Albania,C — po kosztach: prywatna łazienka i rozsądne warunki,Koli Apartaments,1483,8.4,83,Pralka potwierdzona,True,False,False,True,True,False,The nearest beach is 350 ft from Koli Apartaments.,9.6,https://www.booking.com/hotel/al/koli-apartaments.html?aid=2438770&checkin=2026-09-16&checkout=2026-09-30&no_rooms=1&group_adults=2&selected_currency=PLN
Albania,C — po kosztach: prywatna łazienka i rozsądne warunki,Oni's Apartments,1483,8.9,88,Pralka potwierdzona,True,False,False,True,True,False,"The nearest beach is 1,000 ft from Oni's Apartments.",10,https://www.booking.com/hotel/al/oni-39-s-rooms.html?aid=2438770&checkin=2026-09-16&checkout=2026-09-30&no_rooms=1&group_adults=2&selected_currency=PLN
Albania,C — po kosztach: prywatna łazienka i rozsądne warunki,Apartments Nela,1653,9.8,5,Brak pralki/pralni w pobranej karcie,False,False,False,True,True,False,The nearest beach is 650 ft from Apartments Nela.,6.8,https://www.booking.com/hotel/al/apartments-nela.html?aid=2438770&checkin=2026-09-16&checkout=2026-09-30&no_rooms=1&group_adults=2&selected_currency=PLN
Albania,C — po kosztach: prywatna łazienka i rozsądne warunki,Hotel Venera,1709,8.6,96,Brak pralki/pralni w pobranej karcie,False,False,False,False,True,False,"The nearest beach is 1,300 ft from Hotel Venera.",6.7,https://www.booking.com/hotel/al/venera.html?aid=2438770&checkin=2026-09-16&checkout=2026-09-30&no_rooms=1&group_adults=2&selected_currency=PLN
Albania,C — po kosztach: prywatna łazienka i rozsądne warunki,SOLARA Apartments,1729,9.8,6,Brak pralki/pralni w pobranej karcie,False,False,False,True,True,True,The nearest beach is 350 ft from SOLARA Apartments.,7.3,https://www.booking.com/hotel/al/solara-apartments.html?aid=2438770&checkin=2026-09-16&checkout=2026-09-30&no_rooms=1&group_adults=2&selected_currency=PLN
Albania,C — po kosztach: prywatna łazienka i rozsądne warunki,The View Above,1900,10.0,3,Pralka potwierdzona,True,False,False,True,False,True,"The nearest beach is 2,300 ft from The View Above.",7.8,https://www.booking.com/hotel/al/the-view-above.html?aid=2438770&checkin=2026-09-16&checkout=2026-09-30&no_rooms=1&group_adults=2&selected_currency=PLN
Albania,C — po kosztach: prywatna łazienka i rozsądne warunki,Amaris,1893,9.6,121,Pralka potwierdzona,True,False,False,True,True,False,"The nearest beach is 1,000 ft from Amaris.",10,https://www.booking.com/hotel/al/amaris.html?aid=2438770&checkin=2026-09-16&checkout=2026-09-30&no_rooms=1&group_adults=2&selected_currency=PLN
Albania,C — po kosztach: prywatna łazienka i rozsądne warunki,Erioni Hotel,2373,8.6,408,Tylko usługa prania/pralnia,False,False,True,False,True,False,The nearest beach is 150 ft from Erioni Hotel.,9.2,https://www.booking.com/hotel/al/piter-beach-apartments.html?aid=2438770&checkin=2026-09-16&checkout=2026-09-30&no_rooms=1&group_adults=2&selected_currency=PLN
Albania,C — po kosztach: prywatna łazienka i rozsądne warunki,Apartments Sadiku with swimming pool & jacuzzi,2373,8.8,302,Pralka potwierdzona,True,False,False,True,True,False,"The nearest beach is 2,600 ft from Apartments Sadiku with swimming pool & jacuzzi.",10,https://www.booking.com/hotel/al/vila-sadiku.html?aid=2438770&checkin=2026-09-16&checkout=2026-09-30&no_rooms=1&group_adults=2&selected_currency=PLN
Grecja,A — super: plaża / ocena / okolica,Porto Koukla Beach,6496,8.2,237,Brak pralki/pralni w pobranej karcie,False,False,False,False,True,True,The nearest beach is 350 ft from Porto Koukla Beach.,8.7,https://www.booking.com/hotel/gr/porto-koukla-beach.html?aid=2438770&checkin=2026-09-12&checkout=2026-09-26&no_rooms=1&group_adults=2&selected_currency=PLN
Grecja,A — super: plaża / ocena / okolica,Agoulos Beach Hotel,4641,9.6,30,Brak pralki/pralni w pobranej karcie,False,False,False,False,True,True,The nearest beach is 0.,10,https://www.booking.com/hotel/gr/agoulos-inn.html?aid=2438770&checkin=2026-09-12&checkout=2026-09-26&no_rooms=1&group_adults=2&selected_currency=PLN
Grecja,A — super: plaża / ocena / okolica,Belussi Beach Hotel & Suites,8339,8.4,653,Brak pralki/pralni w pobranej karcie,False,False,False,False,True,True,"The nearest beach is 1,000 ft from Belussi Beach Hotel & Suites.",8.4,https://www.booking.com/hotel/gr/belussi-beach.html?aid=2438770&checkin=2026-09-12&checkout=2026-09-26&no_rooms=1&group_adults=2&selected_currency=PLN
Grecja,A — super: plaża / ocena / okolica,Zakantha Beach,7120,8.3,143,Brak pralki/pralni w pobranej karcie,False,False,False,False,True,True,The nearest beach is 150 ft from Zakantha Beach.,8.6,https://www.booking.com/hotel/gr/zakantha-beach.html?aid=2438770&checkin=2026-09-12&checkout=2026-09-26&no_rooms=1&group_adults=2&selected_currency=PLN
Grecja,A — super: plaża / ocena / okolica,Calypso Studios,4560,9.6,292,Brak pralki/pralni w pobranej karcie,False,False,False,True,True,True,The nearest beach is 350 ft from Calypso Studios.,10,https://www.booking.com/hotel/gr/calypso-studios-amoudi.html?aid=2438770&checkin=2026-09-12&checkout=2026-09-26&no_rooms=1&group_adults=2&selected_currency=PLN
Grecja,A — super: plaża / ocena / okolica,Nefeli Beach - living by the sea,5725,8.0,615,Brak pralki/pralni w pobranej karcie,False,False,False,False,True,True,The nearest beach is 0.,8.5,https://www.booking.com/hotel/gr/nephele-zakinthos.html?aid=2438770&checkin=2026-09-12&checkout=2026-09-26&no_rooms=1&group_adults=2&selected_currency=PLN
Grecja,A — super: plaża / ocena / okolica,Iliessa Beach Hotel,5904,8.2,31,Brak pralki/pralni w pobranej karcie,False,False,False,False,False,True,"The nearest beach is 1,300 ft from Iliessa Beach Hotel.",8.7,https://www.booking.com/hotel/gr/iliessa-beach.html?aid=2438770&checkin=2026-09-12&checkout=2026-09-26&no_rooms=1&group_adults=2&selected_currency=PLN
Grecja,A — super: plaża / ocena / okolica,Dante's Maisonettes,6984,8.9,25,Brak pralki/pralni w pobranej karcie,False,False,False,True,True,True,The nearest beach is 150 ft from Dante's Maisonettes.,9.3,https://www.booking.com/hotel/gr/dante-s-maisonettes.html?aid=2438770&checkin=2026-09-12&checkout=2026-09-26&no_rooms=1&group_adults=2&selected_currency=PLN
Grecja,A — super: plaża / ocena / okolica,Gloria Maris Hotel Suites and Villas,12395,7.6,530,Brak pralki/pralni w pobranej karcie,False,False,False,False,True,True,The nearest beach is 350 ft from Gloria Maris Hotel Suites and Villas.,6.9,https://www.booking.com/hotel/gr/gloriamaris.html?aid=2438770&checkin=2026-09-12&checkout=2026-09-26&no_rooms=1&group_adults=2&selected_currency=PLN
Grecja,A — super: plaża / ocena / okolica,Fiore Beach Studios,7162,8.9,220,Brak pralki/pralni w pobranej karcie,False,False,False,True,True,True,The nearest beach is 150 ft from Fiore Beach Studios.,9.3,https://www.booking.com/hotel/gr/fiore-beach.html?aid=2438770&checkin=2026-09-12&checkout=2026-09-26&no_rooms=1&group_adults=2&selected_currency=PLN
Grecja,B — rozsądnie: lokalizacja / opinia / pralka preferowana,Dakis Studios,2789,9.4,267,Pralka potwierdzona,True,False,False,True,True,False,The nearest beach is 650 ft from Dakis Studios.,10,https://www.booking.com/hotel/gr/dakis-studios.html?aid=2438770&checkin=2026-09-12&checkout=2026-09-26&no_rooms=1&group_adults=2&selected_currency=PLN
Grecja,B — rozsądnie: lokalizacja / opinia / pralka preferowana,Aktipis Studios 1,3145,9.7,40,Brak pralki/pralni w pobranej karcie,False,False,False,True,True,False,"The nearest beach is 1,650 ft from Aktipis Studios 1.",9.8,https://www.booking.com/hotel/gr/aktipis-studios-1.html?aid=2438770&checkin=2026-09-12&checkout=2026-09-26&no_rooms=1&group_adults=2&selected_currency=PLN
Grecja,B — rozsądnie: lokalizacja / opinia / pralka preferowana,Aktipis Studios,3145,8.9,52,Brak pralki/pralni w pobranej karcie,False,False,False,True,True,False,"The nearest beach is 1,650 ft from Aktipis Studios.",9.1,https://www.booking.com/hotel/gr/aktipis-studios.html?aid=2438770&checkin=2026-09-12&checkout=2026-09-26&no_rooms=1&group_adults=2&selected_currency=PLN
Grecja,B — rozsądnie: lokalizacja / opinia / pralka preferowana,Kuris Studios & Apartments,3679,9.3,123,Brak pralki/pralni w pobranej karcie,False,False,False,True,True,False,The nearest beach is 150 ft from Kuris Studios & Apartments.,9.5,https://www.booking.com/hotel/gr/kuris-apartments.html?aid=2438770&checkin=2026-09-12&checkout=2026-09-26&no_rooms=1&group_adults=2&selected_currency=PLN
Grecja,B — rozsądnie: lokalizacja / opinia / pralka preferowana,Theodora Studios,3382,9.4,340,Brak pralki/pralni w pobranej karcie,False,False,False,True,True,False,"The nearest beach is 1,000 ft from Theodora Studios.",9.6,https://www.booking.com/hotel/gr/theodora-studios-argasion.html?aid=2438770&checkin=2026-09-12&checkout=2026-09-26&no_rooms=1&group_adults=2&selected_currency=PLN
Grecja,B — rozsądnie: lokalizacja / opinia / pralka preferowana,Villa Bella Vista,4865,9.4,100,Brak pralki/pralni w pobranej karcie,False,False,False,True,True,True,"The nearest beach is 2,600 ft from Villa Bella Vista.",10,https://www.booking.com/hotel/gr/villa-bella-vista-marathias.html?aid=2438770&checkin=2026-09-12&checkout=2026-09-26&no_rooms=1&group_adults=2&selected_currency=PLN
Grecja,B — rozsądnie: lokalizacja / opinia / pralka preferowana,Aggire Summer Suites,3642,10.0,3,Brak pralki/pralni w pobranej karcie,False,False,False,True,True,False,"The nearest beach is 2,600 ft from Aggire Summer Suites.",6.4,https://www.booking.com/hotel/gr/aggire-summer-suites.html?aid=2438770&checkin=2026-09-12&checkout=2026-09-26&no_rooms=1&group_adults=2&selected_currency=PLN
Grecja,B — rozsądnie: lokalizacja / opinia / pralka preferowana,Sunflower Apartments & Studios,4391,9.0,151,Brak pralki/pralni w pobranej karcie,False,False,False,True,True,False,"The nearest beach is 1,650 ft from Sunflower Apartments & Studios.",9.3,https://www.booking.com/hotel/gr/sunflower-apartments-and-studios.html?aid=2438770&checkin=2026-09-12&checkout=2026-09-26&no_rooms=1&group_adults=2&selected_currency=PLN
Grecja,B — rozsądnie: lokalizacja / opinia / pralka preferowana,Panorama,3679,9.1,381,Brak pralki/pralni w pobranej karcie,False,False,False,False,True,False,The nearest beach is 650 ft from Panorama.,9.1,https://www.booking.com/hotel/gr/panorama-laganas.html?aid=2438770&checkin=2026-09-12&checkout=2026-09-26&no_rooms=1&group_adults=2&selected_currency=PLN
Grecja,B — rozsądnie: lokalizacja / opinia / pralka preferowana,Porto Koukla Beach,6496,8.2,237,Brak pralki/pralni w pobranej karcie,False,False,False,False,True,True,The nearest beach is 350 ft from Porto Koukla Beach.,8.7,https://www.booking.com/hotel/gr/porto-koukla-beach.html?aid=2438770&checkin=2026-09-12&checkout=2026-09-26&no_rooms=1&group_adults=2&selected_currency=PLN
Grecja,C — po kosztach: prywatna łazienka i rozsądne warunki,Dakis Studios,2789,9.4,267,Pralka potwierdzona,True,False,False,True,True,False,The nearest beach is 650 ft from Dakis Studios.,10,https://www.booking.com/hotel/gr/dakis-studios.html?aid=2438770&checkin=2026-09-12&checkout=2026-09-26&no_rooms=1&group_adults=2&selected_currency=PLN
Grecja,C — po kosztach: prywatna łazienka i rozsądne warunki,Aktipis Studios 1,3145,9.7,40,Brak pralki/pralni w pobranej karcie,False,False,False,True,True,False,"The nearest beach is 1,650 ft from Aktipis Studios 1.",9.8,https://www.booking.com/hotel/gr/aktipis-studios-1.html?aid=2438770&checkin=2026-09-12&checkout=2026-09-26&no_rooms=1&group_adults=2&selected_currency=PLN
Grecja,C — po kosztach: prywatna łazienka i rozsądne warunki,Aktipis Studios,3145,8.9,52,Brak pralki/pralni w pobranej karcie,False,False,False,True,True,False,"The nearest beach is 1,650 ft from Aktipis Studios.",9.1,https://www.booking.com/hotel/gr/aktipis-studios.html?aid=2438770&checkin=2026-09-12&checkout=2026-09-26&no_rooms=1&group_adults=2&selected_currency=PLN
Grecja,C — po kosztach: prywatna łazienka i rozsądne warunki,Theodora Studios,3382,9.4,340,Brak pralki/pralni w pobranej karcie,False,False,False,True,True,False,"The nearest beach is 1,000 ft from Theodora Studios.",9.6,https://www.booking.com/hotel/gr/theodora-studios-argasion.html?aid=2438770&checkin=2026-09-12&checkout=2026-09-26&no_rooms=1&group_adults=2&selected_currency=PLN
Grecja,C — po kosztach: prywatna łazienka i rozsądne warunki,Aggire Summer Suites,3642,10.0,3,Brak pralki/pralni w pobranej karcie,False,False,False,True,True,False,"The nearest beach is 2,600 ft from Aggire Summer Suites.",6.4,https://www.booking.com/hotel/gr/aggire-summer-suites.html?aid=2438770&checkin=2026-09-12&checkout=2026-09-26&no_rooms=1&group_adults=2&selected_currency=PLN
Grecja,C — po kosztach: prywatna łazienka i rozsądne warunki,Kuris Studios & Apartments,3679,9.3,123,Brak pralki/pralni w pobranej karcie,False,False,False,True,True,False,The nearest beach is 150 ft from Kuris Studios & Apartments.,9.5,https://www.booking.com/hotel/gr/kuris-apartments.html?aid=2438770&checkin=2026-09-12&checkout=2026-09-26&no_rooms=1&group_adults=2&selected_currency=PLN
Grecja,C — po kosztach: prywatna łazienka i rozsądne warunki,Panorama,3679,9.1,381,Brak pralki/pralni w pobranej karcie,False,False,False,False,True,False,The nearest beach is 650 ft from Panorama.,9.1,https://www.booking.com/hotel/gr/panorama-laganas.html?aid=2438770&checkin=2026-09-12&checkout=2026-09-26&no_rooms=1&group_adults=2&selected_currency=PLN
Grecja,C — po kosztach: prywatna łazienka i rozsądne warunki,Sunflower Apartments & Studios,4391,9.0,151,Brak pralki/pralni w pobranej karcie,False,False,False,True,True,False,"The nearest beach is 1,650 ft from Sunflower Apartments & Studios.",9.3,https://www.booking.com/hotel/gr/sunflower-apartments-and-studios.html?aid=2438770&checkin=2026-09-12&checkout=2026-09-26&no_rooms=1&group_adults=2&selected_currency=PLN
Grecja,C — po kosztach: prywatna łazienka i rozsądne warunki,Calypso Studios,4560,9.6,292,Brak pralki/pralni w pobranej karcie,False,False,False,True,True,True,The nearest beach is 350 ft from Calypso Studios.,10,https://www.booking.com/hotel/gr/calypso-studios-amoudi.html?aid=2438770&checkin=2026-09-12&checkout=2026-09-26&no_rooms=1&group_adults=2&selected_currency=PLN
Grecja,C — po kosztach: prywatna łazienka i rozsądne warunki,Villa Bella Vista,4865,9.4,100,Brak pralki/pralni w pobranej karcie,False,False,False,True,True,True,"The nearest beach is 2,600 ft from Villa Bella Vista.",10,https://www.booking.com/hotel/gr/villa-bella-vista-marathias.html?aid=2438770&checkin=2026-09-12&checkout=2026-09-26&no_rooms=1&group_adults=2&selected_currency=PLN
Cypr,A — super: plaża / ocena / okolica,Queens Bay Hotel,7842,9.0,4139,Brak pralki/pralni w pobranej karcie,False,False,False,False,True,True,"The nearest beach is 1,000 ft from Queens Bay Hotel.",9.5,https://www.booking.com/hotel/cy/queensbay.html?aid=2438770&checkin=2026-09-14&checkout=2026-09-25&no_rooms=1&group_adults=2&selected_currency=PLN
Cypr,A — super: plaża / ocena / okolica,Capital Coast Resort And Spa,6713,7.8,5975,Brak pralki/pralni w pobranej karcie,False,False,False,True,False,True,The nearest beach is 650 ft from Capital Coast Resort And Spa.,8.5,https://www.booking.com/hotel/cy/capital-coast-resort-and-spa.html?aid=2438770&checkin=2026-09-14&checkout=2026-09-25&no_rooms=1&group_adults=2&selected_currency=PLN
Cypr,A — super: plaża / ocena / okolica,Helios Bay Hotel and Suites,4848,8.8,1776,Brak pralki/pralni w pobranej karcie,False,False,False,True,False,True,"The nearest beach is 2,300 ft from Helios Bay Hotel and Suites.",9.7,https://www.booking.com/hotel/cy/helios-bay.html?aid=2438770&checkin=2026-09-14&checkout=2026-09-25&no_rooms=1&group_adults=2&selected_currency=PLN
Cypr,A — super: plaża / ocena / okolica,Aquamare Beach Hotel & Spa,8646,8.4,2021,Brak pralki/pralni w pobranej karcie,False,False,False,False,True,True,"The nearest beach is 1,300 ft from Aquamare Beach Hotel & Spa.",8.4,https://www.booking.com/hotel/cy/aquamare-beach-spa.html?aid=2438770&checkin=2026-09-14&checkout=2026-09-25&no_rooms=1&group_adults=2&selected_currency=PLN
Cypr,A — super: plaża / ocena / okolica,Ariadne Apartments,4196,8.3,184,Pralka potwierdzona,True,False,False,True,True,True,"The nearest beach is 1,000 ft from Ariadne Apartments.",9.8,https://www.booking.com/hotel/cy/ariadne-maisonette.html?aid=2438770&checkin=2026-09-14&checkout=2026-09-25&no_rooms=1&group_adults=2&selected_currency=PLN
Cypr,A — super: plaża / ocena / okolica,Leonardo Plaza Cypria Maris Beach Hotel & Spa,14668,9.0,4269,Brak pralki/pralni w pobranej karcie,False,False,False,False,False,True,The nearest beach is 650 ft from Leonardo Plaza Cypria Maris Beach Hotel & Spa.,8.6,https://www.booking.com/hotel/cy/cyprotels-hotels-and-resorts.html?aid=2438770&checkin=2026-09-14&checkout=2026-09-25&no_rooms=1&group_adults=2&selected_currency=PLN
Cypr,A — super: plaża / ocena / okolica,Vrachia Beach Hotel & Suites - Adults Only,9189,9.0,1015,Brak pralki/pralni w pobranej karcie,False,False,False,True,False,True,The nearest beach is 150 ft from Vrachia Beach Hotel & Suites - Adults Only.,9.2,https://www.booking.com/hotel/cy/vrachia.html?aid=2438770&checkin=2026-09-14&checkout=2026-09-25&no_rooms=1&group_adults=2&selected_currency=PLN
Cypr,A — super: plaża / ocena / okolica,NoMa Seafront Living,9790,8.7,17,Pralka potwierdzona,True,False,False,True,True,True,The nearest beach is 150 ft from NoMa Seafront Living.,6.6,https://www.booking.com/hotel/cy/seafront-living-2-bedroom.html?aid=2438770&checkin=2026-09-14&checkout=2026-09-25&no_rooms=1&group_adults=2&selected_currency=PLN
Cypr,A — super: plaża / ocena / okolica,Constantinou Bros Athena Royal Beach Hotel,15897,9.1,150,Brak pralki/pralni w pobranej karcie,False,False,False,False,False,True,The nearest beach is 150 ft from Constantinou Bros Athena Royal Beach Hotel.,8.7,https://www.booking.com/hotel/cy/athena-royal-beach.html?aid=2438770&checkin=2026-09-14&checkout=2026-09-25&no_rooms=1&group_adults=2&selected_currency=PLN
Cypr,A — super: plaża / ocena / okolica,Venus Beach Hotel,13233,7.9,4160,Brak pralki/pralni w pobranej karcie,False,False,False,False,False,True,The nearest beach is 350 ft from Venus Beach Hotel.,7.5,https://www.booking.com/hotel/cy/venus-beach-paphos.html?aid=2438770&checkin=2026-09-14&checkout=2026-09-25&no_rooms=1&group_adults=2&selected_currency=PLN
Cypr,B — rozsądnie: lokalizacja / opinia / pralka preferowana,Eliofos Elegant Maisonettes,3963,8.5,393,Brak pralki/pralni w pobranej karcie,False,False,False,True,True,False,The nearest beach is 350 ft from Eliofos Elegant Maisonettes.,9.0,https://www.booking.com/hotel/cy/eliofos-center.html?aid=2438770&checkin=2026-09-14&checkout=2026-09-25&no_rooms=1&group_adults=2&selected_currency=PLN
Cypr,B — rozsądnie: lokalizacja / opinia / pralka preferowana,Santa Barbara Sea front resort and spa,5631,9.2,617,Brak pralki/pralni w pobranej karcie,False,False,False,True,True,True,The nearest beach is 0.,9.8,https://www.booking.com/hotel/cy/santa-barbara-sea-front-resort-and-spa.html?aid=2438770&checkin=2026-09-14&checkout=2026-09-25&no_rooms=1&group_adults=2&selected_currency=PLN
Cypr,B — rozsądnie: lokalizacja / opinia / pralka preferowana,Amalia Apartments,4196,8.2,157,Pralka potwierdzona,True,False,False,True,False,True,The nearest beach is 350 ft from Amalia Apartments.,9.7,https://www.booking.com/hotel/cy/amalia-apartments.html?aid=2438770&checkin=2026-09-14&checkout=2026-09-25&no_rooms=1&group_adults=2&selected_currency=PLN
Cypr,B — rozsądnie: lokalizacja / opinia / pralka preferowana,Mariela Hotel Apartments,2937,8.4,364,Brak pralki/pralni w pobranej karcie,False,False,False,True,True,False,The nearest beach is 0.,8.6,https://www.booking.com/hotel/cy/marielahotelpaphos.html?aid=2438770&checkin=2026-09-14&checkout=2026-09-25&no_rooms=1&group_adults=2&selected_currency=PLN
Cypr,B — rozsądnie: lokalizacja / opinia / pralka preferowana,C & A Hotel Apartments,4074,8.9,346,Pralka potwierdzona,True,False,False,True,True,False,The nearest beach is 0.,6.9,https://www.booking.com/hotel/cy/ca-apartments.html?aid=2438770&checkin=2026-09-14&checkout=2026-09-25&no_rooms=1&group_adults=2&selected_currency=PLN
Cypr,B — rozsądnie: lokalizacja / opinia / pralka preferowana,Socrates Apartments,4111,8.6,132,Pralka potwierdzona,True,False,False,True,False,False,Latsi Beach: 2 mi; Ttakkas Bay Beach: 2.2 mi; Polis Municipal Beach: 2.7 mi,9.5,https://www.booking.com/hotel/cy/socrates-neo-chorio.html?aid=2438770&checkin=2026-09-14&checkout=2026-09-25&no_rooms=1&group_adults=2&selected_currency=PLN
Cypr,B — rozsądnie: lokalizacja / opinia / pralka preferowana,Oasis Nature,5687,8.5,19,Pralka potwierdzona,True,False,False,True,False,False,The nearest beach is 0.,9.2,https://www.booking.com/hotel/cy/oasis-nature-almond-house.html?aid=2438770&checkin=2026-09-14&checkout=2026-09-25&no_rooms=1&group_adults=2&selected_currency=PLN
Cypr,B — rozsądnie: lokalizacja / opinia / pralka preferowana,Akamanthea Holiday Village,6433,7.6,164,Pralka tylko w opinii gościa,False,True,False,True,False,False,"The nearest beach is 1,300 ft from Akamanthea Holiday Village.",7.7,https://www.booking.com/hotel/cy/akamanthea-holiday-village.html?aid=2438770&checkin=2026-09-14&checkout=2026-09-25&no_rooms=1&group_adults=2&selected_currency=PLN
Cypr,B — rozsądnie: lokalizacja / opinia / pralka preferowana,Harbour No4,6993,9.2,4,Pralka potwierdzona,True,False,False,True,False,False,The nearest beach is 650 ft from Harbour No4.,6.7,https://www.booking.com/hotel/cy/harbour-no4.html?aid=2438770&checkin=2026-09-14&checkout=2026-09-25&no_rooms=1&group_adults=2&selected_currency=PLN
Cypr,B — rozsądnie: lokalizacja / opinia / pralka preferowana,Mediterranean Seaside Authentic Beach House,8120,9.0,37,Pralka potwierdzona,True,False,True,True,False,True,The nearest beach is 350 ft from Mediterranean Seaside Authentic Beach House.,9.7,https://www.booking.com/hotel/cy/mediterranean-seaside-authentic-beach-house.html?aid=2438770&checkin=2026-09-14&checkout=2026-09-25&no_rooms=1&group_adults=2&selected_currency=PLN
Cypr,C — po kosztach: prywatna łazienka i rozsądne warunki,Mariela Hotel Apartments,2937,8.4,364,Brak pralki/pralni w pobranej karcie,False,False,False,True,True,False,The nearest beach is 0.,8.6,https://www.booking.com/hotel/cy/marielahotelpaphos.html?aid=2438770&checkin=2026-09-14&checkout=2026-09-25&no_rooms=1&group_adults=2&selected_currency=PLN
Cypr,C — po kosztach: prywatna łazienka i rozsądne warunki,Eliofos Elegant Maisonettes,3963,8.5,393,Brak pralki/pralni w pobranej karcie,False,False,False,True,True,False,The nearest beach is 350 ft from Eliofos Elegant Maisonettes.,9.0,https://www.booking.com/hotel/cy/eliofos-center.html?aid=2438770&checkin=2026-09-14&checkout=2026-09-25&no_rooms=1&group_adults=2&selected_currency=PLN
Cypr,C — po kosztach: prywatna łazienka i rozsądne warunki,C & A Hotel Apartments,4074,8.9,346,Pralka potwierdzona,True,False,False,True,True,False,The nearest beach is 0.,6.9,https://www.booking.com/hotel/cy/ca-apartments.html?aid=2438770&checkin=2026-09-14&checkout=2026-09-25&no_rooms=1&group_adults=2&selected_currency=PLN
Cypr,C — po kosztach: prywatna łazienka i rozsądne warunki,Socrates Apartments,4111,8.6,132,Pralka potwierdzona,True,False,False,True,False,False,Latsi Beach: 2 mi; Ttakkas Bay Beach: 2.2 mi; Polis Municipal Beach: 2.7 mi,9.5,https://www.booking.com/hotel/cy/socrates-neo-chorio.html?aid=2438770&checkin=2026-09-14&checkout=2026-09-25&no_rooms=1&group_adults=2&selected_currency=PLN
Cypr,C — po kosztach: prywatna łazienka i rozsądne warunki,EMILIA 10 STUDIO,4149,7.5,84,Pralka potwierdzona,True,False,False,True,False,True,The nearest beach is 350 ft from EMILIA 10 STUDIO.,8.7,https://www.booking.com/hotel/cy/emilia-10-studio-polis-chrysochous.html?aid=2438770&checkin=2026-09-14&checkout=2026-09-25&no_rooms=1&group_adults=2&selected_currency=PLN
Cypr,C — po kosztach: prywatna łazienka i rozsądne warunki,Amalia Apartments,4196,8.2,157,Pralka potwierdzona,True,False,False,True,False,True,The nearest beach is 350 ft from Amalia Apartments.,9.7,https://www.booking.com/hotel/cy/amalia-apartments.html?aid=2438770&checkin=2026-09-14&checkout=2026-09-25&no_rooms=1&group_adults=2&selected_currency=PLN
Cypr,C — po kosztach: prywatna łazienka i rozsądne warunki,Santa Barbara Sea front resort and spa,5631,9.2,617,Brak pralki/pralni w pobranej karcie,False,False,False,True,True,True,The nearest beach is 0.,9.8,https://www.booking.com/hotel/cy/santa-barbara-sea-front-resort-and-spa.html?aid=2438770&checkin=2026-09-14&checkout=2026-09-25&no_rooms=1&group_adults=2&selected_currency=PLN
Cypr,C — po kosztach: prywatna łazienka i rozsądne warunki,Oasis Nature,5687,8.5,19,Pralka potwierdzona,True,False,False,True,False,False,The nearest beach is 0.,9.2,https://www.booking.com/hotel/cy/oasis-nature-almond-house.html?aid=2438770&checkin=2026-09-14&checkout=2026-09-25&no_rooms=1&group_adults=2&selected_currency=PLN
Cypr,C — po kosztach: prywatna łazienka i rozsądne warunki,Akamanthea Holiday Village,6433,7.6,164,Pralka tylko w opinii gościa,False,True,False,True,False,False,"The nearest beach is 1,300 ft from Akamanthea Holiday Village.",7.7,https://www.booking.com/hotel/cy/akamanthea-holiday-village.html?aid=2438770&checkin=2026-09-14&checkout=2026-09-25&no_rooms=1&group_adults=2&selected_currency=PLN
Cypr,C — po kosztach: prywatna łazienka i rozsądne warunki,Capital Coast Resort And Spa,6713,7.8,5975,Brak pralki/pralni w pobranej karcie,False,False,False,True,False,True,The nearest beach is 650 ft from Capital Coast Resort And Spa.,8.5,https://www.booking.com/hotel/cy/capital-coast-resort-and-spa.html?aid=2438770&checkin=2026-09-14&checkout=2026-09-25&no_rooms=1&group_adults=2&selected_currency=PLN
